{"point_opacity": 0.9, "polylines_points": [], "camera_position": [2.6935086250305176, 8.947657585144043, 33.96000289916992], "filename": "pyntcloud_plot", "polylines_colors": [], "point_size": 0.2664168930053711, "look_at": [0.3092348873615265, -0.08971801400184631, 1.9261784553527832]}